throwawayCustomerId,throwawayEmail,matterName,selectionCount,candidateRank,candidateCustomerId,candidateEmail,candidateName,candidateDataSource,matchReason,confirmed
"agustin","agustin@crossfitalioth.com","Agustin morales","1","1","CUST-000120997","lagustinmorales95@gmail.com","Agustin Morales","ManualEntry","name similarity 100%","yes"
"alexander.sherwin","alexander.sherwin@surfabudhabi.com","Alex Sherwin","2","","","","","","no candidate found",""
"alixandra.caldwell44","alixandra.caldwell44@gmail.com","Alix Caldwell","1","","","","","","no candidate found",""
"anirudhanand1402","anirudhanand1402@gmail.com","Anirudh Anand","1","","","","","","no candidate found",""
"dhabialsh","dhabialsh@gmail.com","Dhabia AlShamsi","2","","","","","","no candidate found",""
"fpts2fqznx","fpts2fqznx@privaterelay.appleid.com","Nicholas Wilding","1","1","CUST-000122578","nick_wilding@msn.com","Nicholas Wilding","ImportedFromExcel","phone match","yes"
"fxfnxrc8z2","fxfnxrc8z2@privaterelay.appleid.com","Jessica Brady","1","1","CUST-000123640","jessbrady123@hotmail.com","Jessica Brady","ImportedFromExcel","name similarity 100%","yes"
"halamdarwish","halamdarwish@gmail.com","Hala Darwish","2","","","","","","no candidate found",""
"jennifer.cobban","jennifer.cobban@hotmail.com","Jennifer Cobban","1","","","","","","no candidate found",""
"kel_ma1432","kel_ma1432@hotmail.com","Kelly Ma","2","","","","","","no candidate found",""
"khaledsultan2510","khaledsultan2510@yahoo.com","Khaled Bin Sultan","1","","","","","","no candidate found",""
"m.alshaibani","m.alshaibani@gmail.com","Mohammed Abdulla","1","","","","","","no candidate found",""
"n.lootah2004","n.lootah2004@gmail.com","Noora Lootah","1","","","","","","no candidate found",""
"noursi.ghassan","noursi.ghassan@gmail.com","Ghassan Noursi","1","1","CUST-000122958","ghassan@nuwacapital.io","Ghassan Noursi","ImportedFromExcel","name similarity 100%","yes"
"pavlinahara","pavlinahara@icloud.com","pavlina rai","1","1","CUST-000122875","p.rai@jointspace.ae","Pavlina Rai","ImportedFromExcel","name similarity 100%","yes"
"rawdha.hasher","rawdha.hasher@gmail.com","Rawdha Hasher","1","","","","","","no candidate found",""
"rik.mathieson","rik.mathieson@btinternet.com","Richard Mathieson","1","","","","","","no candidate found",""
"roxyfayewood","roxyfayewood@gmail.com","Roxy Wood","2","","","","","","no candidate found",""
"sandilinafarha","sandilinafarha@gmail.com","Sandi Farha","2","1","CUST-000124012","sandifarha@icloud.com","Sandi Farha","ManualEntry","name similarity 100%","yes"
"sara.ghazzawi","sara.ghazzawi@live.com\","","1","1","CUST-000122698","sara.ghazzawi@live.com","Sara Ghazzawi","ImportedFromExcel","name similarity 100%","yes"
"sidi.dali","sidi.dali@gmail.com","","11","1","CUST-000123255","sidi.dali@matternutrition.xyz","Sidi Dali","ImportedFromExcel","name similarity 100%","yes"