mongoId,customerId,internalEmail,firstName,lastName,phone,createdAt,selectionCount,lastSelectionAt,lastWeeklyMenuId,matterSubscriptionId,matterEmail,matterName,emailsMatch,matterLookup,recommendedAction
"6ab51cc29f6841f3a46b1f47","agustin","agustin@crossfitalioth.com","","","","2026-09-24","1","2026-09-24","6ab264d5792e722581901cde","14564","agustin@crossfitalioth.com","Agustin morales","yes","found via linked matterSubscriptionId","email already correct — just backfill firstName/lastName from Matter"
"6abb9ff36a4af1c9607d96ef","alexander.sherwin","alexander.sherwin@surfabudhabi.com","","","","2026-09-29","2","2026-09-29","6abb42ac009a3ecef58f05ae","15016","alexander.sherwin@surfabudhabi.com","Alex Sherwin","yes","found by searching Matter for this email","email already correct — just backfill firstName/lastName from Matter"
"6ab8b26d94cd4b29b8308f45","alixandra.caldwell44","alixandra.caldwell44@gmail.com","","","","2026-09-27","1","2026-09-27","6ab264d5792e722581901cde","14793","alixandra.caldwell44@gmail.com","Alix Caldwell","yes","found via linked matterSubscriptionId","email already correct — just backfill firstName/lastName from Matter"
"6aba310b6a4af1c9607a6abe","anirudhanand1402","anirudhanand1402@gmail.com","","","","2026-09-28","1","2026-09-28","6ab264d5792e722581901cde","14915","anirudhanand1402@gmail.com","Anirudh Anand","yes","found via linked matterSubscriptionId","email already correct — just backfill firstName/lastName from Matter"
"6ab8fc9cea6bae930208c2f8","dhabialsh","dhabialsh@gmail.com","","","","2026-09-27","2","2026-09-29","6abb42ac009a3ecef58f05ae","14789","dhabialsh@gmail.com","Dhabia AlShamsi","yes","found via linked matterSubscriptionId","email already correct — just backfill firstName/lastName from Matter"
"6ab368eb9f6841f3a46318fd","fpts2fqznx","fpts2fqznx@privaterelay.appleid.com","","","","2026-09-23","1","2026-09-24","6ab264d5792e722581901cde","3413","fpts2fqznx@privaterelay.appleid.com","Nicholas Wilding","yes","found by searching Matter for this email","email already correct — just backfill firstName/lastName from Matter"
"6ab53fd89f6841f3a46b888a","fxfnxrc8z2","fxfnxrc8z2@privaterelay.appleid.com","","","","2026-09-24","1","2026-09-24","6ab264d5792e722581901cde","5886","fxfnxrc8z2@privaterelay.appleid.com","Jessica Brady","yes","found by searching Matter for this email","email already correct — just backfill firstName/lastName from Matter"
"6ab7993894cd4b29b82d8026","halamdarwish","halamdarwish@gmail.com","","","","2026-09-26","2","2026-09-29","6abb42ac009a3ecef58f05ae","14719","halamdarwish@gmail.com","Hala Darwish","yes","found via linked matterSubscriptionId","email already correct — just backfill firstName/lastName from Matter"
"6ab7948c94cd4b29b82d6d59","jennifer.cobban","jennifer.cobban@hotmail.com","","","","2026-09-26","1","2026-09-26","6ab264d5792e722581901cde","14739","jennifer.cobban@hotmail.com","Jennifer Cobban","yes","found via linked matterSubscriptionId","email already correct — just backfill firstName/lastName from Matter"
"6ab3c6c79f6841f3a4676dad","kel_ma1432","kel_ma1432@hotmail.com","","","","2026-09-23","2","2026-09-29","6abb42ac009a3ecef58f05ae","14496","kel_ma1432@hotmail.com","Kelly Ma","yes","found via linked matterSubscriptionId","email already correct — just backfill firstName/lastName from Matter"
"6abbb31a6a4af1c9607eb9e3","khaledsultan2510","khaledsultan2510@yahoo.com","","","","2026-09-29","1","2026-09-29","6ab264d5792e722581901cde","14975","khaledsultan2510@yahoo.com","Khaled Bin Sultan","yes","found by searching Matter for this email","email already correct — just backfill firstName/lastName from Matter"
"6ab9fbb36a4af1c96078a461","m.alshaibani","m.alshaibani@gmail.com","","","","2026-09-28","1","2026-09-28","6ab264d5792e722581901cde","14888","m.alshaibani@gmail.com","Mohammed Abdulla","yes","found via linked matterSubscriptionId","email already correct — just backfill firstName/lastName from Matter"
"6ab652e094cd4b29b829496e","n.lootah2004","n.lootah2004@gmail.com","","","","2026-09-25","1","2026-09-25","6ab264d5792e722581901cde","14659","n.lootah2004@gmail.com","Noora Lootah","yes","found via linked matterSubscriptionId","email already correct — just backfill firstName/lastName from Matter"
"6ab9fe626a4af1c96078c3d5","noursi.ghassan","noursi.ghassan@gmail.com","","","","2026-09-28","1","2026-09-28","6ab264d5792e722581901cde","14862","noursi.ghassan@gmail.com","Ghassan Noursi","yes","found via linked matterSubscriptionId","email already correct — just backfill firstName/lastName from Matter"
"6ab398519f6841f3a4670054","pavlinahara","pavlinahara@icloud.com","","","","2026-09-23","1","2026-09-23","6ab264d5792e722581901cde","14382","pavlinahara@icloud.com","pavlina rai","yes","found by searching Matter for this email","email already correct — just backfill firstName/lastName from Matter"
"6abb9e556a4af1c9607d9672","rawdha.hasher","rawdha.hasher@gmail.com","","","","2026-09-29","1","2026-09-29","6ab264d5792e722581901cde","15002","rawdha.hasher@gmail.com","Rawdha Hasher","yes","found by searching Matter for this email","email already correct — just backfill firstName/lastName from Matter"
"6ab8f598ea6bae930208c24a","rik.mathieson","rik.mathieson@btinternet.com","","","","2026-09-27","1","2026-09-27","6ab264d5792e722581901cde","14832","rik.mathieson@btinternet.com","Richard Mathieson","yes","found via linked matterSubscriptionId","email already correct — just backfill firstName/lastName from Matter"
"6ab3cc939f6841f3a46777d1","roxyfayewood","roxyfayewood@gmail.com","","","","2026-09-23","2","2026-09-29","6abb42ac009a3ecef58f05ae","14374","roxyfayewood@gmail.com","Roxy Wood","yes","found via linked matterSubscriptionId","email already correct — just backfill firstName/lastName from Matter"
"6ab60fc79f6841f3a46d0766","sandilinafarha","sandilinafarha@gmail.com","","","","2026-09-25","2","2026-09-29","6abb42ac009a3ecef58f05ae","14609","sandilinafarha@gmail.com","Sandi Farha","yes","found by searching Matter for this email","email already correct — just backfill firstName/lastName from Matter"
"6a0cacdc925161da6ead9e6f","sara.ghazzawi","sara.ghazzawi@live.com\","","","","2026-05-19","1","2026-05-19","6a0ac34a925161da6ea64d9a","","","","","no Matter subscription found under this email","needs manual lookup (phone/name) — no Matter match by email"
"6a9fc41eee06dcc950d5455e","sidi.dali","sidi.dali@gmail.com","","","","2026-09-08","11","2026-09-08","6a9fc1d93a88a2eec584b95f","","","","","no Matter subscription found under this email","needs manual lookup (phone/name) — no Matter match by email"